<?xml version="1.0" encoding="utf-8"?>
<!--
/**
 * @copyright	Copyright (c) 2018 editors. All rights reserved.
 * @license		http://www.gnu.org/licenses/gpl-2.0.html GNU/GPL
 */
-->
<extension type="plugin" version="3.0" group="editors" method="upgrade">
	<name>plg_editors_jodit</name>
	<author>Chupurnov Valeriy</author>
	<copyright>Copyright (c) 2018 editors. All rights reserved.</copyright>
	<license>http://www.gnu.org/licenses/gpl-2.0.html GNU/GPL</license>
	<authorEmail>chupurnov@gmail.com</authorEmail>
	<authorUrl>https://xdsoft.net/jodit/</authorUrl>
	<version>3.2.11</version>
	<description>
	<![CDATA[
		<p>Jodit Editor v.3.2.11</p>
	]]>
	</description>

	<files>
		<filename plugin="jodit">jodit.php</filename>
		<filename>index.html</filename>
		<filename>jodit.xml</filename>
	</files>

	<languages>
		<language tag="en-GB">en-GB.plg_editors_jodit.ini</language>
		<language tag="en-GB">en-GB.plg_editors_jodit.sys.ini</language>
	</languages>

	<config>
		<fields name="params">
			<fieldset name="connector" label="PLG_JODIT_CONNECTOR">

            </fieldset>
		</fields>
	</config>
</extension>