<?xml version="1.0" encoding="utf-8" ?>
<extension type="component" version="3.8" method="upgrade">
	<name>COM_JODIT</name>
	<creationDate>3.2.5</creationDate>
	<author>Chupurnov Valeriy</author>
	<authorEmail>chupurnov@gmail.com</authorEmail>
	<authorUrl>https://xdsoft.net/jodit/</authorUrl>
	<copyright>xdsoft.net</copyright>
	<license>GNU General Public License version 2 or later; see LICENSE.txt</license>
	<version>3.2.5</version>
	<description>COM_JODIT_XML_DESCRIPTION</description>

	<!-- Media files -->
	<media folder="media/com_jodit" destination="com_jodit">
		<folder>css</folder>
		<folder>images</folder>
		<folder>js</folder>
	</media>

	<!-- Back-end files -->
	<administration>
		<!-- Menu entries -->
		<menu view="jodit">COM_JODIT</menu>
		<submenu>
			<menu link="option=com_jodit">COM_JODIT</menu>
            <menu link="option=com_config&amp;view=component&amp;component=com_jodit">COM_JODIT_CONFIG</menu>
		</submenu>

		<!-- Core files -->
		<files folder="administrator/components/com_jodit">
			<filename>jodit.php</filename>
			<filename>access.xml</filename>
			<filename>config.xml</filename>
			<filename>controller.php</filename>
			<folder>controllers</folder>
			<folder>helpers</folder>
			<folder>language</folder>
			<folder>models</folder>
			<folder>views</folder>
		</files>
	</administration>
</extension>
